{
  "regiones": [
    {"id": 1, "region": "Arica y Parinacota", "abreviatura": "AP", "capital": "Arica"},
    {"id": 2, "region": "Tarapacá", "abreviatura": "TA", "capital": "Iquique"},
    {"id": 3, "region": "Antofagasta", "abreviatura": "AN", "capital": "Antofagasta"},
    {"id": 4, "region": "Atacama", "abreviatura": "AT", "capital": "Copiapó"},
    {"id": 5, "region": "Coquimbo", "abreviatura": "CO", "capital": "La Serena"},
    {"id": 6, "region": "Valparaiso", "abreviatura": "VA", "capital": "valparaíso"},
    {"id": 7, "region": "Metropolitana de Santiago", "abreviatura": "RM", "capital": "Santiago"},
    {"id": 8, "region": "Libertador General Bernardo O'Higgins", "abreviatura": "OH", "capital": "Rancagua"},
    {"id": 9, "region": "Maule", "abreviatura": "MA", "capital": "Talca"},
    {"id": 10, "region": "Ñuble", "abreviatura": "NB", "capital": "Chillán"},
    {"id": 11, "region": "Biobío", "abreviatura": "BI", "capital": "Concepción"},
    {"id": 12, "region": "La Araucanía", "abreviatura": "IAR", "capital": "Temuco"},
    {"id": 13, "region": "Los Ríos", "abreviatura": "LR", "capital": "Valdivia"},
    {"id": 14, "region": "Los Lagos", "abreviatura": "LL", "capital": "Puerto Montt"},
    {"id": 15, "region": "Aysén del General Carlos Ibáñez del Campo", "abreviatura": "AI", "capital": "Coyhaique"},
    {"id": 16, "region": "Magallanes y de la Antártica Chilena", "abreviatura": "MG", "capital": "Punta Arenas"}
  ],
  "provincias": [
    {"id": 1, "provincia": "Arica", "region_id": 1},
    {"id": 2, "provincia": "Parinacota", "region_id": 1},
    {"id": 3, "provincia": "Iquique", "region_id": 2},
    {"id": 4, "provincia": "El Tamarugal", "region_id": 2},
    {"id": 5, "provincia": "Tocopilla", "region_id": 3},
    {"id": 6, "provincia": "El Loa", "region_id": 3},
    {"id": 7, "provincia": "Antofagasta", "region_id": 3},
    {"id": 8, "provincia": "Chañaral", "region_id": 4},
    {"id": 9, "provincia": "Copiapó", "region_id": 4},
    {"id": 10, "provincia": "Huasco", "region_id": 4},
    {"id": 11, "provincia": "Elqui", "region_id": 5},
    {"id": 12, "provincia": "Limarí", "region_id": 5},
    {"id": 13, "provincia": "Choapa", "region_id": 5},
    {"id": 14, "provincia": "Petorca", "region_id": 6},
    {"id": 15, "provincia": "Los Andes", "region_id": 6},
    {"id": 16, "provincia": "San Felipe de Aconcagua", "region_id": 6},
    {"id": 17, "provincia": "Quillota", "region_id": 6},
    {"id": 18, "provincia": "Valparaiso", "region_id": 6},
    {"id": 19, "provincia": "San Antonio", "region_id": 6},
    {"id": 20, "provincia": "Isla de Pascua", "region_id": 6},
    {"id": 21, "provincia": "Marga Marga", "region_id": 6},
    {"id": 22, "provincia": "Chacabuco", "region_id": 7},
    {"id": 23, "provincia": "Santiago", "region_id": 7},
    {"id": 24, "provincia": "Cordillera", "region_id": 7},
    {"id": 25, "provincia": "Maipo", "region_id": 7},
    {"id": 26, "provincia": "Melipilla", "region_id": 7},
    {"id": 27, "provincia": "Talagante", "region_id": 7},
    {"id": 28, "provincia": "Cachapoal", "region_id": 8},
    {"id": 29, "provincia": "Colchagua", "region_id": 8},
    {"id": 30, "provincia": "Cardenal Caro", "region_id": 8},
    {"id": 31, "provincia": "Curicó", "region_id": 9},
    {"id": 32, "provincia": "Talca", "region_id": 9},
    {"id": 33, "provincia": "Linares", "region_id": 9},
    {"id": 34, "provincia": "Cauquenes", "region_id": 9},
    {"id": 35, "provincia": "Diguillín", "region_id": 10},
    {"id": 36, "provincia": "Itata", "region_id": 10},
    {"id": 37, "provincia": "Punilla", "region_id": 10},
    {"id": 38, "provincia": "Bio Bío", "region_id": 11},
    {"id": 39, "provincia": "Concepción", "region_id": 11},
    {"id": 40, "provincia": "Arauco", "region_id": 11},
    {"id": 41, "provincia": "Malleco", "region_id": 12},
    {"id": 42, "provincia": "Cautín", "region_id": 12},
    {"id": 43, "provincia": "Valdivia", "region_id": 13},
    {"id": 44, "provincia": "Ranco", "region_id": 13},
    {"id": 45, "provincia": "Osorno", "region_id": 14},
    {"id": 46, "provincia": "Llanquihue", "region_id": 14},
    {"id": 47, "provincia": "Chiloé", "region_id": 14},
    {"id": 48, "provincia": "Palena", "region_id": 14},
    {"id": 49, "provincia": "Coyhaique", "region_id": 15},
    {"id": 50, "provincia": "Aysén", "region_id": 15},
    {"id": 51, "provincia": "General Carrera", "region_id": 15},
    {"id": 52, "provincia": "Capitán Prat", "region_id": 15},
    {"id": 53, "provincia": "Última Esperanza", "region_id": 16},
    {"id": 54, "provincia": "Magallanes", "region_id": 16},
    {"id": 55, "provincia": "Tierra del Fuego", "region_id": 16},
    {"id": 56, "provincia": "Antártica Chilena", "region_id": 16}
  ],
  "comunas": [
    {"id": 1, "comuna": "Arica", "provincia_id": 1},
    {"id": 2, "comuna": "Camarones", "provincia_id": 1},
    {"id": 3, "comuna": "General Lagos", "provincia_id": 2},
    {"id": 4, "comuna": "Putre", "provincia_id": 2},
    {"id": 5, "comuna": "Alto Hospicio", "provincia_id": 3},
    {"id": 6, "comuna": "Iquique", "provincia_id": 3},
    {"id": 7, "comuna": "Camiña", "provincia_id": 4},
    {"id": 8, "comuna": "Colchane", "provincia_id": 4},
    {"id": 9, "comuna": "Huara", "provincia_id": 4},
    {"id": 10, "comuna": "Pica", "provincia_id": 4},
    {"id": 11, "comuna": "Pozo Almonte", "provincia_id": 4},
    {"id": 12, "comuna": "Tocopilla", "provincia_id": 5},
    {"id": 13, "comuna": "María Elena", "provincia_id": 5},
    {"id": 14, "comuna": "Calama", "provincia_id": 6},
    {"id": 15, "comuna": "Ollague", "provincia_id": 6},
    {"id": 16, "comuna": "San Pedro de Atacama", "provincia_id": 6},
    {"id": 17, "comuna": "Antofagasta", "provincia_id": 7},
    {"id": 18, "comuna": "Mejillones", "provincia_id": 7},
    {"id": 19, "comuna": "Sierra Gorda", "provincia_id": 7},
    {"id": 20, "comuna": "Taltal", "provincia_id": 7},
    {"id": 21, "comuna": "Chañaral", "provincia_id": 8},
    {"id": 22, "comuna": "Diego de Almagro", "provincia_id": 8},
    {"id": 23, "comuna": "Copiapó", "provincia_id": 9},
    {"id": 24, "comuna": "Caldera", "provincia_id": 9},
    {"id": 25, "comuna": "Tierra Amarilla", "provincia_id": 9},
    {"id": 26, "comuna": "Vallenar", "provincia_id": 10},
    {"id": 27, "comuna": "Alto del Carmen", "provincia_id": 10},
    {"id": 28, "comuna": "Freirina", "provincia_id": 10},
    {"id": 29, "comuna": "Huasco", "provincia_id": 10},
    {"id": 30, "comuna": "La Serena", "provincia_id": 11},
    {"id": 31, "comuna": "Coquimbo", "provincia_id": 11},
    {"id": 32, "comuna": "Andacollo", "provincia_id": 11},
    {"id": 33, "comuna": "La Higuera", "provincia_id": 11},
    {"id": 34, "comuna": "Paihuano", "provincia_id": 11},
    {"id": 35, "comuna": "Vicuña", "provincia_id": 11},
    {"id": 36, "comuna": "Ovalle", "provincia_id": 12},
    {"id": 37, "comuna": "Combarbalá", "provincia_id": 12},
    {"id": 38, "comuna": "Monte Patria", "provincia_id": 12},
    {"id": 39, "comuna": "Punitaqui", "provincia_id": 12},
    {"id": 40, "comuna": "Río Hurtado", "provincia_id": 12},
    {"id": 41, "comuna": "Illapel", "provincia_id": 13},
    {"id": 42, "comuna": "Canela", "provincia_id": 13},
    {"id": 43, "comuna": "Los Vilos", "provincia_id": 13},
    {"id": 44, "comuna": "Salamanca", "provincia_id": 13},
    {"id": 45, "comuna": "La Ligua", "provincia_id": 14},
    {"id": 46, "comuna": "Cabildo", "provincia_id": 14},
    {"id": 47, "comuna": "Zapallar", "provincia_id": 14},
    {"id": 48, "comuna": "Papudo", "provincia_id": 14},
    {"id": 49, "comuna": "Petorca", "provincia_id": 14},
    {"id": 50, "comuna": "Los Andes", "provincia_id": 15},
    {"id": 51, "comuna": "San Esteban", "provincia_id": 15},
    {"id": 52, "comuna": "Calle Larga", "provincia_id": 15},
    {"id": 53, "comuna": "Rinconada", "provincia_id": 15},
    {"id": 54, "comuna": "San Felipe", "provincia_id": 16},
    {"id": 55, "comuna": "Llaillay", "provincia_id": 16},
    {"id": 56, "comuna": "Putaendo", "provincia_id": 16},
    {"id": 57, "comuna": "Santa María", "provincia_id": 16},
    {"id": 58, "comuna": "Catemu", "provincia_id": 16},
    {"id": 59, "comuna": "Panquehue", "provincia_id": 16},
    {"id": 60, "comuna": "Quillota", "provincia_id": 17},
    {"id": 61, "comuna": "La Cruz", "provincia_id": 17},
    {"id": 62, "comuna": "La Calera", "provincia_id": 17},
    {"id": 63, "comuna": "Nogales", "provincia_id": 17},
    {"id": 64, "comuna": "Hijuelas", "provincia_id": 17},
    {"id": 65, "comuna": "Valparaíso", "provincia_id": 18},
    {"id": 66, "comuna": "Viña del Mar", "provincia_id": 18},
    {"id": 67, "comuna": "Concón", "provincia_id": 18},
    {"id": 68, "comuna": "Quintero", "provincia_id": 18},
    {"id": 69, "comuna": "Puchuncaví", "provincia_id": 18},
    {"id": 70, "comuna": "Casablanca", "provincia_id": 18},
    {"id": 71, "comuna": "Juan Fernández", "provincia_id": 18},
    {"id": 72, "comuna": "San Antonio", "provincia_id": 19},
    {"id": 73, "comuna": "Cartagena", "provincia_id": 19},
    {"id": 74, "comuna": "El Tabo", "provincia_id": 19},
    {"id": 75, "comuna": "El Quisco", "provincia_id": 19},
    {"id": 76, "comuna": "Algarrobo", "provincia_id": 19},
    {"id": 77, "comuna": "Santo Domingo", "provincia_id": 19},
    {"id": 78, "comuna": "Isla de Pascua", "provincia_id": 20},
    {"id": 79, "comuna": "Quilpué", "provincia_id": 21},
    {"id": 80, "comuna": "Limache", "provincia_id": 21},
    {"id": 81, "comuna": "Olmué", "provincia_id": 21},
    {"id": 82, "comuna": "Villa Alemana", "provincia_id": 21},
    {"id": 83, "comuna": "Colina", "provincia_id": 22},
    {"id": 84, "comuna": "Lampa", "provincia_id": 22},
    {"id": 85, "comuna": "Tiltil", "provincia_id": 22},
    {"id": 86, "comuna": "Santiago", "provincia_id": 23},
    {"id": 87, "comuna": "Vitacura", "provincia_id": 23},
    {"id": 88, "comuna": "San Ramón", "provincia_id": 23},
    {"id": 89, "comuna": "San Miguel", "provincia_id": 23},
    {"id": 90, "comuna": "San Joaquín", "provincia_id": 23},
    {"id": 91, "comuna": "Renca", "provincia_id": 23},
    {"id": 92, "comuna": "Recoleta", "provincia_id": 23},
    {"id": 93, "comuna": "Quinta Normal", "provincia_id": 23},
    {"id": 94, "comuna": "Quilicura", "provincia_id": 23},
    {"id": 95, "comuna": "Pudahuel", "provincia_id": 23},
    {"id": 96, "comuna": "Providencia", "provincia_id": 23},
    {"id": 97, "comuna": "Peñalolén", "provincia_id": 23},
    {"id": 98, "comuna": "Pedro Aguirre Cerda", "provincia_id": 23},
    {"id": 99, "comuna": "Ñuñoa", "provincia_id": 23},
    {"id": 100, "comuna": "Maipú", "provincia_id": 23},
    {"id": 101, "comuna": "Macul", "provincia_id": 23},
    {"id": 102, "comuna": "Lo Prado", "provincia_id": 23},
    {"id": 103, "comuna": "Lo Espejo", "provincia_id": 23},
    {"id": 104, "comuna": "Lo Barnechea", "provincia_id": 23},
    {"id": 105, "comuna": "Las Condes", "provincia_id": 23},
    {"id": 106, "comuna": "La Reina", "provincia_id": 23},
    {"id": 107, "comuna": "La Pintana", "provincia_id": 23},
    {"id": 108, "comuna": "La Granja", "provincia_id": 23},
    {"id": 109, "comuna": "La Florida", "provincia_id": 23},
    {"id": 110, "comuna": "La Cisterna", "provincia_id": 23},
    {"id": 111, "comuna": "Independencia", "provincia_id": 23},
    {"id": 112, "comuna": "Huechuraba", "provincia_id": 23},
    {"id": 113, "comuna": "Estación Central", "provincia_id": 23},
    {"id": 114, "comuna": "El Bosque", "provincia_id": 23},
    {"id": 115, "comuna": "Conchalí", "provincia_id": 23},
    {"id": 116, "comuna": "Cerro Navia", "provincia_id": 23},
    {"id": 117, "comuna": "Cerrillos", "provincia_id": 23},
    {"id": 118, "comuna": "Puente Alto", "provincia_id": 24},
    {"id": 119, "comuna": "San José de Maipo", "provincia_id": 24},
    {"id": 120, "comuna": "Pirque", "provincia_id": 24},
    {"id": 121, "comuna": "San Bernardo", "provincia_id": 25},
    {"id": 122, "comuna": "Buin", "provincia_id": 25},
    {"id": 123, "comuna": "Paine", "provincia_id": 25},
    {"id": 124, "comuna": "Calera de Tango", "provincia_id": 25},
    {"id": 125, "comuna": "Melipilla", "provincia_id": 26},
    {"id": 126, "comuna": "Alhué", "provincia_id": 26},
    {"id": 127, "comuna": "Curacaví", "provincia_id": 26},
    {"id": 128, "comuna": "María Pinto", "provincia_id": 26},
    {"id": 129, "comuna": "San Pedro", "provincia_id": 26},
    {"id": 130, "comuna": "Isla de Maipo", "provincia_id": 27},
    {"id": 131, "comuna": "El Monte", "provincia_id": 27},
    {"id": 132, "comuna": "Padre Hurtado", "provincia_id": 27},
    {"id": 133, "comuna": "Peñaflor", "provincia_id": 27},
    {"id": 134, "comuna": "Talagante", "provincia_id": 27},
    {"id": 135, "comuna": "Codegua", "provincia_id": 28},
    {"id": 136, "comuna": "Coínco", "provincia_id": 28},
    {"id": 137, "comuna": "Coltauco", "provincia_id": 28},
    {"id": 138, "comuna": "Doñihue", "provincia_id": 28},
    {"id": 139, "comuna": "Graneros", "provincia_id": 28},
    {"id": 140, "comuna": "Las Cabras", "provincia_id": 28},
    {"id": 141, "comuna": "Machalí", "provincia_id": 28},
    {"id": 142, "comuna": "Malloa", "provincia_id": 28},
    {"id": 143, "comuna": "Mostazal", "provincia_id": 28},
    {"id": 144, "comuna": "Olivar", "provincia_id": 28},
    {"id": 145, "comuna": "Peumo", "provincia_id": 28},
    {"id": 146, "comuna": "Pichidegua", "provincia_id": 28},
    {"id": 147, "comuna": "Quinta de Tilcoco", "provincia_id": 28},
    {"id": 148, "comuna": "Rancagua", "provincia_id": 28},
    {"id": 149, "comuna": "Rengo", "provincia_id": 28},
    {"id": 150, "comuna": "Requínoa", "provincia_id": 28},
    {"id": 151, "comuna": "San Vicente de Tagua Tagua", "provincia_id": 28},
    {"id": 152, "comuna": "Chépica", "provincia_id": 29},
    {"id": 153, "comuna": "Chimbarongo", "provincia_id": 29},
    {"id": 154, "comuna": "Lolol", "provincia_id": 29},
    {"id": 155, "comuna": "Nancagua", "provincia_id": 29},
    {"id": 156, "comuna": "Palmilla", "provincia_id": 29},
    {"id": 157, "comuna": "Peralillo", "provincia_id": 29},
    {"id": 158, "comuna": "Placilla", "provincia_id": 29},
    {"id": 159, "comuna": "Pumanque", "provincia_id": 29},
    {"id": 160, "comuna": "San Fernando", "provincia_id": 29},
    {"id": 161, "comuna": "Santa Cruz", "provincia_id": 29},
    {"id": 162, "comuna": "La Estrella", "provincia_id": 30},
    {"id": 163, "comuna": "Litueche", "provincia_id": 30},
    {"id": 164, "comuna": "Marchigüe", "provincia_id": 30},
    {"id": 165, "comuna": "Navidad", "provincia_id": 30},
    {"id": 166, "comuna": "Paredones", "provincia_id": 30},
    {"id": 167, "comuna": "Pichilemu", "provincia_id": 30},
    {"id": 168, "comuna": "Curicó", "provincia_id": 31},
    {"id": 169, "comuna": "Hualañé", "provincia_id": 31},
    {"id": 170, "comuna": "Licantén", "provincia_id": 31},
    {"id": 171, "comuna": "Molina", "provincia_id": 31},
    {"id": 172, "comuna": "Rauco", "provincia_id": 31},
    {"id": 173, "comuna": "Romeral", "provincia_id": 31},
    {"id": 174, "comuna": "Sagrada Familia", "provincia_id": 31},
    {"id": 175, "comuna": "Teno", "provincia_id": 31},
    {"id": 176, "comuna": "Vichuquén", "provincia_id": 31},
    {"id": 177, "comuna": "Talca", "provincia_id": 32},
    {"id": 178, "comuna": "San Clemente", "provincia_id": 32},
    {"id": 179, "comuna": "Pelarco", "provincia_id": 32},
    {"id": 180, "comuna": "Pencahue", "provincia_id": 32},
    {"id": 181, "comuna": "Maule", "provincia_id": 32},
    {"id": 182, "comuna": "San Rafael", "provincia_id": 32},
    {"id": 183, "comuna": "Curepto", "provincia_id": 33},
    {"id": 184, "comuna": "Constitución", "provincia_id": 32},
    {"id": 185, "comuna": "Empedrado", "provincia_id": 32},
    {"id": 186, "comuna": "Río Claro", "provincia_id": 32},
    {"id": 187, "comuna": "Linares", "provincia_id": 33},
    {"id": 188, "comuna": "San Javier", "provincia_id": 33},
    {"id": 189, "comuna": "Parral", "provincia_id": 33},
    {"id": 190, "comuna": "Villa Alegre", "provincia_id": 33},
    {"id": 191, "comuna": "Longaví", "provincia_id": 33},
    {"id": 192, "comuna": "Colbún", "provincia_id": 33},
    {"id": 193, "comuna": "Retiro", "provincia_id": 33},
    {"id": 194, "comuna": "Yerbas Buenas", "provincia_id": 33},
    {"id": 195, "comuna": "Cauquenes", "provincia_id": 34},
    {"id": 196, "comuna": "Chanco", "provincia_id": 34},
    {"id": 197, "comuna": "Pelluhue", "provincia_id": 34},
    {"id": 198, "comuna": "Bulnes", "provincia_id": 35},
    {"id": 199, "comuna": "Chillán", "provincia_id": 35},
    {"id": 200, "comuna": "Chillán Viejo", "provincia_id": 35},
    {"id": 201, "comuna": "El Carmen", "provincia_id": 35},
    {"id": 202, "comuna": "Pemuco", "provincia_id": 35},
    {"id": 203, "comuna": "Pinto", "provincia_id": 35},
    {"id": 204, "comuna": "Quillón", "provincia_id": 35},
    {"id": 205, "comuna": "San Ignacio", "provincia_id": 35},
    {"id": 206, "comuna": "Yungay", "provincia_id": 35},
    {"id": 207, "comuna": "Cobquecura", "provincia_id": 36},
    {"id": 208, "comuna": "Coelemu", "provincia_id": 36},
    {"id": 209, "comuna": "Ninhue", "provincia_id": 36},
    {"id": 210, "comuna": "Portezuelo", "provincia_id": 36},
    {"id": 211, "comuna": "Quirihue", "provincia_id": 36},
    {"id": 212, "comuna": "Ránquil", "provincia_id": 36},
    {"id": 213, "comuna": "Treguaco", "provincia_id": 36},
    {"id": 214, "comuna": "San Carlos", "provincia_id": 37},
    {"id": 215, "comuna": "Coihueco", "provincia_id": 37},
    {"id": 216, "comuna": "San Nicolás", "provincia_id": 37},
    {"id": 217, "comuna": "Ñiquén", "provincia_id": 37},
    {"id": 218, "comuna": "San Fabián", "provincia_id": 37},
    {"id": 219, "comuna": "Alto Biobío", "provincia_id": 38},
    {"id": 220, "comuna": "Antuco", "provincia_id": 38},
    {"id": 221, "comuna": "Cabrero", "provincia_id": 38},
    {"id": 222, "comuna": "Laja", "provincia_id": 38},
    {"id": 223, "comuna": "Los Ángeles", "provincia_id": 38},
    {"id": 224, "comuna": "Mulchén", "provincia_id": 38},
    {"id": 225, "comuna": "Nacimiento", "provincia_id": 38},
    {"id": 226, "comuna": "Negrete", "provincia_id": 38},
    {"id": 227, "comuna": "Quilaco", "provincia_id": 38},
    {"id": 228, "comuna": "Quilleco", "provincia_id": 38},
    {"id": 229, "comuna": "San Rosendo", "provincia_id": 38},
    {"id": 230, "comuna": "Santa Bárbara", "provincia_id": 38},
    {"id": 231, "comuna": "Tucapel", "provincia_id": 38},
    {"id": 232, "comuna": "Yumbel", "provincia_id": 38},
    {"id": 233, "comuna": "Concepción", "provincia_id": 39},
    {"id": 234, "comuna": "Coronel", "provincia_id": 39},
    {"id": 235, "comuna": "Chiguayante", "provincia_id": 39},
    {"id": 236, "comuna": "Florida", "provincia_id": 39},
    {"id": 237, "comuna": "Hualpén", "provincia_id": 39},
    {"id": 238, "comuna": "Hualqui", "provincia_id": 39},
    {"id": 239, "comuna": "Lota", "provincia_id": 39},
    {"id": 240, "comuna": "Penco", "provincia_id": 39},
    {"id": 241, "comuna": "San Pedro de La Paz", "provincia_id": 39},
    {"id": 242, "comuna": "Santa Juana", "provincia_id": 39},
    {"id": 243, "comuna": "Talcahuano", "provincia_id": 39},
    {"id": 244, "comuna": "Tomé", "provincia_id": 39},
    {"id": 245, "comuna": "Arauco", "provincia_id": 40},
    {"id": 246, "comuna": "Cañete", "provincia_id": 40},
    {"id": 247, "comuna": "Contulmo", "provincia_id": 40},
    {"id": 248, "comuna": "Curanilahue", "provincia_id": 40},
    {"id": 249, "comuna": "Lebu", "provincia_id": 40},
    {"id": 250, "comuna": "Los Álamos", "provincia_id": 40},
    {"id": 251, "comuna": "Tirúa", "provincia_id": 40},
    {"id": 252, "comuna": "Angol", "provincia_id": 41},
    {"id": 253, "comuna": "Collipulli", "provincia_id": 41},
    {"id": 254, "comuna": "Curacautín", "provincia_id": 41},
    {"id": 255, "comuna": "Ercilla", "provincia_id": 41},
    {"id": 256, "comuna": "Lonquimay", "provincia_id": 41},
    {"id": 257, "comuna": "Los Sauces", "provincia_id": 41},
    {"id": 258, "comuna": "Lumaco", "provincia_id": 41},
    {"id": 259, "comuna": "Purén", "provincia_id": 41},
    {"id": 260, "comuna": "Renaico", "provincia_id": 41},
    {"id": 261, "comuna": "Traiguén", "provincia_id": 41},
    {"id": 262, "comuna": "Victoria", "provincia_id": 41},
    {"id": 263, "comuna": "Temuco", "provincia_id": 42},
    {"id": 264, "comuna": "Carahue", "provincia_id": 42},
    {"id": 265, "comuna": "Cholchol", "provincia_id": 42},
    {"id": 266, "comuna": "Cunco", "provincia_id": 42},
    {"id": 267, "comuna": "Curarrehue", "provincia_id": 42},
    {"id": 268, "comuna": "Freire", "provincia_id": 42},
    {"id": 269, "comuna": "Galvarino", "provincia_id": 42},
    {"id": 270, "comuna": "Gorbea", "provincia_id": 42},
    {"id": 271, "comuna": "Lautaro", "provincia_id": 42},
    {"id": 272, "comuna": "Loncoche", "provincia_id": 42},
    {"id": 273, "comuna": "Melipeuco", "provincia_id": 42},
    {"id": 274, "comuna": "Nueva Imperial", "provincia_id": 42},
    {"id": 275, "comuna": "Padre Las Casas", "provincia_id": 42},
    {"id": 276, "comuna": "Perquenco", "provincia_id": 42},
    {"id": 277, "comuna": "Pitrufquén", "provincia_id": 42},
    {"id": 278, "comuna": "Pucón", "provincia_id": 42},
    {"id": 279, "comuna": "Saavedra", "provincia_id": 42},
    {"id": 280, "comuna": "Teodoro Schmidt", "provincia_id": 42},
    {"id": 281, "comuna": "Toltén", "provincia_id": 42},
    {"id": 282, "comuna": "Vilcún", "provincia_id": 42},
    {"id": 283, "comuna": "Villarrica", "provincia_id": 42},
    {"id": 284, "comuna": "Valdivia", "provincia_id": 43},
    {"id": 285, "comuna": "Corral", "provincia_id": 43},
    {"id": 286, "comuna": "Lanco", "provincia_id": 43},
    {"id": 287, "comuna": "Los Lagos", "provincia_id": 43},
    {"id": 288, "comuna": "Máfil", "provincia_id": 43},
    {"id": 289, "comuna": "Mariquina", "provincia_id": 43},
    {"id": 290, "comuna": "Paillaco", "provincia_id": 43},
    {"id": 291, "comuna": "Panguipulli", "provincia_id": 43},
    {"id": 292, "comuna": "La Unión", "provincia_id": 44},
    {"id": 293, "comuna": "Futrono", "provincia_id": 44},
    {"id": 294, "comuna": "Lago Ranco", "provincia_id": 44},
    {"id": 295, "comuna": "Río Bueno", "provincia_id": 44},
    {"id": 296, "comuna": "Osorno", "provincia_id": 45},
    {"id": 297, "comuna": "Puerto Octay", "provincia_id": 45},
    {"id": 298, "comuna": "Purranque", "provincia_id": 45},
    {"id": 299, "comuna": "Puyehue", "provincia_id": 45},
    {"id": 300, "comuna": "Río Negro", "provincia_id": 45},
    {"id": 301, "comuna": "San Juan de la Costa", "provincia_id": 45},
    {"id": 302, "comuna": "San Pablo", "provincia_id": 45},
    {"id": 303, "comuna": "Calbuco", "provincia_id": 46},
    {"id": 304, "comuna": "Cochamó", "provincia_id": 46},
    {"id": 305, "comuna": "Fresia", "provincia_id": 46},
    {"id": 306, "comuna": "Frutillar", "provincia_id": 46},
    {"id": 307, "comuna": "Llanquihue", "provincia_id": 46},
    {"id": 308, "comuna": "Los Muermos", "provincia_id": 46},
    {"id": 309, "comuna": "Maullín", "provincia_id": 46},
    {"id": 310, "comuna": "Puerto Montt", "provincia_id": 46},
    {"id": 311, "comuna": "Puerto Varas", "provincia_id": 46},
    {"id": 312, "comuna": "Ancud", "provincia_id": 47},
    {"id": 313, "comuna": "Castro", "provincia_id": 47},
    {"id": 314, "comuna": "Chonchi", "provincia_id": 47},
    {"id": 315, "comuna": "Curaco de Vélez", "provincia_id": 47},
    {"id": 316, "comuna": "Dalcahue", "provincia_id": 47},
    {"id": 317, "comuna": "Puqueldón", "provincia_id": 47},
    {"id": 318, "comuna": "Queilén", "provincia_id": 47},
    {"id": 319, "comuna": "Quellón", "provincia_id": 47},
    {"id": 320, "comuna": "Quemchi", "provincia_id": 47},
    {"id": 321, "comuna": "Quinchao", "provincia_id": 47},
    {"id": 322, "comuna": "Chaitén", "provincia_id": 48},
    {"id": 323, "comuna": "Futaleufú", "provincia_id": 48},
    {"id": 324, "comuna": "Hualaihué", "provincia_id": 48},
    {"id": 325, "comuna": "Palena", "provincia_id": 48},
    {"id": 326, "comuna": "Lago Verde", "provincia_id": 49},
    {"id": 327, "comuna": "Coihaique", "provincia_id": 49},
    {"id": 328, "comuna": "Aysén", "provincia_id": 50},
    {"id": 329, "comuna": "Cisnes", "provincia_id": 50},
    {"id": 330, "comuna": "Guaitecas", "provincia_id": 50},
    {"id": 331, "comuna": "Río Ibáñez", "provincia_id": 51},
    {"id": 332, "comuna": "Chile Chico", "provincia_id": 51},
    {"id": 333, "comuna": "Cochrane", "provincia_id": 52},
    {"id": 334, "comuna": "O'Higgins", "provincia_id": 52},
    {"id": 335, "comuna": "Tortel", "provincia_id": 52},
    {"id": 336, "comuna": "Natales", "provincia_id": 53},
    {"id": 337, "comuna": "Torres del Paine", "provincia_id": 53},
    {"id": 338, "comuna": "Laguna Blanca", "provincia_id": 54},
    {"id": 339, "comuna": "Punta Arenas", "provincia_id": 54},
    {"id": 340, "comuna": "Río Verde", "provincia_id": 54},
    {"id": 341, "comuna": "San Gregorio", "provincia_id": 54},
    {"id": 342, "comuna": "Porvenir", "provincia_id": 55},
    {"id": 343, "comuna": "Primavera", "provincia_id": 55},
    {"id": 344, "comuna": "Timaukel", "provincia_id": 55},
    {"id": 345, "comuna": "Cabo de Hornos", "provincia_id": 56},
    {"id": 346, "comuna": "Antártica", "provincia_id": 56}
  ]
}